Name,Address,Suburb,Postcode,Location,Area
Head Office,31 Jeays St,Bowen Hills,5000,Brisbane,Northern Suburbs
Newbeith,8 Spearlily Close,Newbeith,4552,Brisbane,Southern Suburbs & Logan
Angela Hirst ,15 Muldoon Place,Ningi ,4511,Brisbane,Northern Suburbs
First Choice Caboolture ,146/150 Morayfield Rd,Caboolture ,4510,Brisbane,Northern Suburbs
Northlakes Shopping Centre ,Cnr Anzac Ave and North Lakes Drive,Northlakes,4509,Brisbane,Brisbane
City Farmers Morayfield ,113-137 Morayfield Rd,Morayfield,4506,Brisbane,Northern Suburbs
Narangba Tavern ,37-47 Golden Wattle Dr,Narangba ,4504,Brisbane,Northern Suburbs
Clifford Gardens Shopping Centre ,Anzac Avenue Corner James Street and Anzac Avenue,Newtown,4350,Brisbane,Southern Suburbs & Logan
Plantation homes - Yarrabilba ,1548 Waterford-Tamborine Rd,Yarrabilba,4207,Brisbane,Southern Suburbs & Logan
Silky Oaks Childrens Haven,218 Manly Road,Manly,4179,Brisbane,Bayside & Eastern Suburbs
Port of Brisbane,14 Whimbrel Street ,Port of Brisbane ,4178,Brisbane,CBD & Inner Suburbs
Morgan Mules ,18 Edge Street ,Murrarie ,4172,Brisbane,Bayside & Eastern Suburbs
Oxford 152,152 Oxford St,BULIMBA,4171,Brisbane,CBD & Inner Suburbs
Shafston House ,46 Thorn Street ,Kangaroo Point,4169,Brisbane,CBD & Inner Suburbs
The Vine Cleveland ,41-43 Wynard St,Cleveland,4163,Brisbane,Bayside & Eastern Suburbs
Alexandra Hills Hotel ,Cnr Finucane & Mcdonald Rds,Alexandra Hills ,4161,Brisbane,Bayside & Eastern Suburbs
Westfield Garden City,Kessels Rd,Upper Mt Gravatt,4122,Brisbane,Southern Suburbs & Logan
Lyndon Bowls Club,Galsworthy Street ,Holland Park West,4121,Brisbane,Southern Suburbs & Logan
Paul Newman,33 Emma Street,Holland Park West ,4121,Brisbane,Southern Suburbs & Logan
Calamvale Hotel ,Compton Rd,Calamvale ,4116,Brisbane,Southern Suburbs & Logan
Calamvale Hotel ,Cnr Compton and Beaudesert Road ,Calamvale ,4116,Brisbane,Southern Suburbs & Logan
Runcorn Tavern ,124 Gowan Road ,Runcorn,4113,Brisbane,Southern Suburbs & Logan
Gabba,Gabba Stadium 411 Vulture St,Woolloongabba,4102,Brisbane,Southern Suburbs & Logan
GABBA,411 Vulture Street,WOOLLOONGABBA,4102,Brisbane,Southern Suburbs & Logan
GABBA,411 Vulture Street,WOOLLOONGABBA,4102,Brisbane,Southern Suburbs & Logan
GABBA,411 Vulture Street,WOOLLOONGABBA,4102,Brisbane,Southern Suburbs & Logan
DEPOT,108 NORMAN STREET,WOOLLOONGABBA,4102,Brisbane,Southern Suburbs & Logan
DEPOT,108 NORMAN STREET,WOOLLOONGABBA,4102,Brisbane,Southern Suburbs & Logan
DEPOT,108 NORMAN STREET,WOOLLOONGABBA,4102,Brisbane,Southern Suburbs & Logan
Brisbane Convention & Exhibition Centre,9 Glenelg St,SOUTH BRISBANE,4101,Brisbane,Southern Suburbs & Logan
SOUTHBANK TAFE,66 Ernest St,SOUTH BRISBANE,4101,Brisbane,Southern Suburbs & Logan
Greystone Bar,7/166 Grey St,South Brisbane,4101,Brisbane,Southern Suburbs & Logan
Brisbane Convention & Exhibition Centre,Merivale Street,South Brisbane,4101,Brisbane,Southern Suburbs & Logan
QLD STATE LIBRARY,Stanley Place ,South Brisbane ,4101,Brisbane,Southern Suburbs & Logan
Save the Children,28 Beesley Street,West End,4101,Brisbane,CBD & Inner Suburbs
Jessie Long and Patrick Klug Wedding ,89 Manchester Terrace,Indooroopilly ,4068,Brisbane,Western Suburbs & Ipswich
Hillstone St Lucia,St Lucia Golf Links Carawa Street,St Lucia,4067,Brisbane,CBD & Inner Suburbs
GRACE COLLEGE,The University of Queensland,ST LUCIA,4067,Brisbane,CBD & Inner Suburbs
THE WOMENS COLLEGE,The University of Queensland College Road,ST LUCIA,4067,Brisbane,CBD & Inner Suburbs
Duchesne College,College Road,St Lucia -  (Situated within the University of Queensland Campus St Lucia between the University lakes and the Brisbane River),4067,Brisbane,CBD & Inner Suburbs
Spiros Paddington,21/97 Latrobe Terrace,Paddington,4064,Brisbane,Northern Suburbs
Paddington Tavern ,186 Given Tce,Paddington ,4064,Brisbane,Northern Suburbs
Caxton Hotel ,38 Caxton Street,Paddington ,4064,Brisbane,Northern Suburbs
PRV - The Gap,56 Woodside Street,The Gap,4061,Brisbane,Western Suburbs & Ipswich
Normanby Hotel, Musgrave Road ,Red Hill,4059,Brisbane,Northern Suburbs
Stafford City Shopping Centre ,400 Stafford Road,Stafford,4053,Brisbane,Northern Suburbs
Alderley Arms Hotel,2 Samford Road,Alderley,4051,Brisbane,Bayside & Eastern Suburbs
EATONS HILL HOTEL,646 South Pine Road,ALBANY CREEK,4035,Brisbane,Northern Suburbs
The Eatons Hill Hotel (EH) ,646 South Pine Road,Albany Creek ,4035,Brisbane,Northern Suburbs
Brisbane Entertainment Centre,Melaleuca Dr,BOONDALL,4034,Brisbane,Northern Suburbs
ST JOSEPHS NUDGEE COLLEGE,2199 Sandgate Road,BOONDALL,4034,Brisbane,Northern Suburbs
Amanda-Jane Farrell ,17 PARMITTO STREET ,BOONDALL ,4034,Brisbane,Northern Suburbs
Chermside Tavern,395 Hamilton Rd,CHERMSIDE,4032,Brisbane,Northern Suburbs
Westfield Chermside,Hamilton Rd,Chermside,4032,Brisbane,Northern Suburbs
Redcliffe Leagues Club,Corner of Klingner Road and Ashmole Road,Redcliffe,4020,Brisbane,Northern Suburbs
Aviation High,69 Widdop St,Clayfield,4011,Brisbane,Northern Suburbs
Aviation High,Widdop Street,Clayfield ,4011,Brisbane,Northern Suburbs
Hamilton Hotel,442 Kingsford Smith Dr,HAMILTON,4007,Brisbane,Northern Suburbs
MODA EVENTS,Level 2 39 Hercules St,HAMILTON,4007,Brisbane,Northern Suburbs
Royal International Convention Centre,RNA Showgrounds Gregory Terrace,Bowen Hills,4006,Brisbane,Northern Suburbs
Bowen Hills - PRV,35 Jordan Tce,Bowen Hills,4006,Brisbane,Northern Suburbs
FRESH OFFICE,31 Jeays Street,Bowen Hills,4006,Brisbane,Northern Suburbs
RNA SHOWGROUNDS,John Reid Pavillion - Gregory Terrace,Bowen Hills,4006,Brisbane,Northern Suburbs
John Reid Pavilion - RNA Showgrounds,Gregory Terrace,Bowen Hills,4006,Brisbane,Northern Suburbs
Oktoberfest - RNA Showgrounds,600 Gregory Terrace,Bowen Hills ,4006,Brisbane,Northern Suburbs
Sofitel Brisbane,249 Turbot Street,Brisbane ,4006,Brisbane,CBD & Inner Suburbs
CLOUDLAND,641 Ann St,FORTITUDE VALLEY,4006,Brisbane,CBD & Inner Suburbs
MIRRA,86 Bridge Street,FORTITUDE VALLEY,4006,Brisbane,CBD & Inner Suburbs
THE TIVOLI,Costin Street,FORTITUDE VALLEY,4006,Brisbane,CBD & Inner Suburbs
LightSpace,30 Light Street,Fortitude Valley,4006,Brisbane,CBD & Inner Suburbs
Leighton Contractors ,Level 8 HQ South Tower 520 Wickham Street,Fortitude Valley,4006,Brisbane,CBD & Inner Suburbs
OKTOBERFEST - MAIN BAR ,RNA SHOW GROUNDS OKTOBERFEST MAIN BAR600 Gregory Terrace,Fortitude Valley,4006,Brisbane,CBD & Inner Suburbs
OKTOBERFEST - SCHNAPPS BAR,RNA SHOW GROUNDS OKTOBERFEST SCHNAPPS BAR600 Gregory Terrace,Fortitude Valley,4006,Brisbane,CBD & Inner Suburbs
Comlink Office,64 Robertson Road,Fortitude Valley,4006,Brisbane,CBD & Inner Suburbs
Designer Rugs,628 Wickham Street,Fortitude Valley,4006,Brisbane,CBD & Inner Suburbs
Family Nightclub,8 McLachlan St,Fortitude Valley,4006,Brisbane,CBD & Inner Suburbs
The Beat ,677 Ann Street ,Fortitude Valley,4006,Brisbane,CBD & Inner Suburbs
Red Sea Gallery,Centro 2 31 James Street,FORTITUDE VALLEY ,4006,Brisbane,CBD & Inner Suburbs
Light Space ,30 Light St,Fortitude Valley ,4006,Brisbane,CBD & Inner Suburbs
Light Street,19 Light Street ,Fortitude Valley ,4006,Brisbane,CBD & Inner Suburbs
Red Sea Gallery ,Centro 2 31 James Street,Fortitude Valley ,4006,Brisbane,CBD & Inner Suburbs
Electric Playground,Warner Street,Fortitude Valley ,4006,Brisbane,CBD & Inner Suburbs
Family Nightclub ,Brunswick St,Fortitude Valley ,4006,Brisbane,CBD & Inner Suburbs
GPO,Ann Street,Fortitude Valley ,4006,Brisbane,CBD & Inner Suburbs
The Met ,Wickham Tce,Fortitude Valley ,4006,Brisbane,CBD & Inner Suburbs
Technology One HQ,HQ Tower - 540 Wickham Street ,Fortitude Valley ,4006,Brisbane,CBD & Inner Suburbs
BECA,Level 5 825 Ann Street,Fortitude Valley ,4006,Brisbane,CBD & Inner Suburbs
Lightspace,30 Light Street ,Fortitude Valley ,4006,Brisbane,CBD & Inner Suburbs
The Family ,8 McLachlan St,Fortitude Valley ,4006,Brisbane,CBD & Inner Suburbs
 Brisbane Modern Art,483 Brunswick Street,Fortitude Valley ,4006,Brisbane,CBD & Inner Suburbs
Fringe Bar ,Cnr Ann Street & Constance Street,Fortitude Valley ,4006,Brisbane,CBD & Inner Suburbs
Brunswick Hotel,569 Brunswick St,New Farm,4005,Brisbane,CBD & Inner Suburbs
The Moreton Club,71 Moray Street,New Farm,4005,Brisbane,CBD & Inner Suburbs
The Moreton Club,71 Moray Street ,New Farm ,4005,Brisbane,CBD & Inner Suburbs
The Brisbane Club, 241 Adelaide Street ,Brisbane,4000,Brisbane,CBD & Inner Suburbs
Dibbs Barker Office,Level 23 Central Plaza 2 66 Eagle Street,Brisbane,4000,Brisbane,CBD & Inner Suburbs
ARIA,1 Eagle St,BRISBANE,4000,Brisbane,CBD & Inner Suburbs
AIM,Boundary St,BRISBANE,4000,Brisbane,CBD & Inner Suburbs
Clayton Utz Office,Level 28 Riparian Plaza/71 Eagle St,BRISBANE,4000,Brisbane,CBD & Inner Suburbs
DIBBS BARKER OFFICE,Level 23 Central Plaza Two 66 Eagle St,BRISBANE,4000,Brisbane,CBD & Inner Suburbs
HILTON HOTEL,190 Elizabeth Street,BRISBANE,4000,Brisbane,CBD & Inner Suburbs
MODA RESTAURANT,12 Edward Street,BRISBANE,4000,Brisbane,CBD & Inner Suburbs
ROOM WITH ROSES,160 Queen Street,BRISBANE,4000,Brisbane,CBD & Inner Suburbs
ROYAL ON THE PARK,152 Alice Street,BRISBANE,4000,Brisbane,CBD & Inner Suburbs
SOFITEL HOTEL BRISBANE,249 Turbot Street,BRISBANE,4000,Brisbane,CBD & Inner Suburbs
BRISBANE POLO CLUB,1 Eagle Street,BRISBANE,4000,Brisbane,CBD & Inner Suburbs
TREASURY CASINO & HOTEL,130 William Street,BRISBANE,4000,Brisbane,CBD & Inner Suburbs
Moda Restaurant,12 Edward Street,Brisbane,4000,Brisbane,CBD & Inner Suburbs
Wilston HTM,Level 37 71 Eagle Street,Brisbane,4000,Brisbane,CBD & Inner Suburbs
K&L GATES,Level 16 66 Eagle Street,Brisbane,4000,Brisbane,CBD & Inner Suburbs
GHD,LEVEL 9 KING GEORGE CENTRAL 145 ANN STREET,BRISBANE,4000,Brisbane,CBD & Inner Suburbs
Room Three Sixty ,Level 10 P Block QUT Gardens Point (2 George Street),Brisbane,4000,Brisbane,CBD & Inner Suburbs
First Church of Christ,273 North Quay,Brisbane,4000,Brisbane,CBD & Inner Suburbs
IBM,348 Edward Street,Brisbane,4000,Brisbane,CBD & Inner Suburbs
GAMBAROS RESTAURANT,33 Caxton Street,BRISBANE ,4000,Brisbane,CBD & Inner Suburbs
BRISBANE CLUB,241 Adelaide Street,BRISBANE ,4000,Brisbane,CBD & Inner Suburbs
OMalleys Brisbane,Wintergarden - Queen St Mall ,Brisbane ,4000,Brisbane,CBD & Inner Suburbs
Irish Murphys,George St,Brisbane ,4000,Brisbane,CBD & Inner Suburbs
City Hall - Brisbane Museum,64 Adelaide Street,Brisbane ,4000,Brisbane,CBD & Inner Suburbs
St Johns Cathedral ,373 Ann Street,Brisbane ,4000,Brisbane,CBD & Inner Suburbs
The Stock Exchange,131 Edward St,Brisbane CBD,4000,Brisbane,CBD & Inner Suburbs
Reddacliffe Place ,266 George Street,Brisbane CBD,4000,Brisbane,CBD & Inner Suburbs
King George Square,George Street,Brisbane CBD,4000,Brisbane,CBD & Inner Suburbs
FTI OFFICE,30 Market Street,Brisbane CBD,4000,Brisbane,CBD & Inner Suburbs
Spring Food & Wine,26 Felix Street ,Brisbane CBD ,4000,Brisbane,CBD & Inner Suburbs
OMalleys Brisbane ,171/209 Queen Street,Brisbane City ,4000,Brisbane,CBD & Inner Suburbs
Stock Exchange,131 Edward Street ,Brisbane QLD 4000,4000,Brisbane,CBD & Inner Suburbs
State Library Qld,Level 1 Queensland Tce State Library QLD Stanley Place,South Brisbane,4000,Brisbane,Southern Suburbs & Logan
Brisbane Festival ,QPAC Lawn (off Grey Street) - MEET AT THE BRISBANE WHEEL,Southbank ,4000,Brisbane,CBD & Inner Suburbs
UQ,ST LUCIA CAMPUS - ENGINEERING BUILDING,St Lucia,4000,Brisbane,CBD & Inner Suburbs
QUEENSLAND PARLIAMENT,George Street,BRISBANE,,Brisbane,CBD & Inner Suburbs
Dan Murphys Albany Creek,Crn Old Northern Rd & Albany Creek Rd,Albany Creek,,Brisbane,Northern Suburbs
Prince Alfred Hotel - Harry Browns Bottleshop,170 Brisbane Road ,Booval ,,Brisbane,Western Suburbs & Ipswich
Brisbane City BWS,Shop 6  LG1 -  MacArthur Central Shopping Centre - Corner of Queen and Edward Street ,Brisbane ,,Brisbane,CBD & Inner Suburbs
Qld Police Union Building ,Corner of Northquay and Makerston Street ,Brisbane City ,,Brisbane,CBD & Inner Suburbs
Markelle Findlay,42 Shelly St,Cannon Hill,,Brisbane,Bayside & Eastern Suburbs
Down Under Cellars,Save City Shopping Centre - Shop 6 Crn Creek & Wynnum Rds ,Cannon Hill (Outside near Sams Warehouse),,Brisbane,Bayside & Eastern Suburbs
Light Space,30 Light Street ,Fortitude Valley,,Brisbane,CBD & Inner Suburbs
Dan Murphys Holland Park,Cnr of Logan Road & Yuletide Street,Holland Park West ,,Brisbane,Southern Suburbs & Logan
Sally Yeates ,2 Gilgandra Street ,Indooroopilly ,,Brisbane,Western Suburbs & Ipswich
Dan Murphys Ipswich ,215 Brisbane Road ,Ipswich ,,Brisbane,Western Suburbs & Ipswich
Manly Hotel Liquor Barn ,Corner of Cambridge Street & Stratton Terrace ,Manly ,,Brisbane,Bayside & Eastern Suburbs
Ramma and Dermy - Paddington, 35 Plunkett Street,Paddington,,Brisbane,Northern Suburbs
Redcliffe ,Bells Beach Clontarf (opposite Kitepower 146 hornibrook Esplanade Clonfarf),Redcliffe ,,Brisbane,Northern Suburbs
Sportsman Hotel Bottleshop,130 Leichardt Street ,Spring Hill ,,Brisbane,CBD & Inner Suburbs
Dan Murphys The Gap Tavern,21 Glenquarie Place ,The Gap ,,Brisbane,Western Suburbs & Ipswich
The Vine Victoria Point ,Corner of Redland bay & Bunker Road,Victoria Point ,,Brisbane,Bayside & Eastern Suburbs
Dan Murphys Wynnum West,1975 Wynnum Road ,Wynnum ,,Brisbane,Bayside & Eastern Suburbs
One Mile Hotel Bottleshop,Shop 6A 500 Warwick Road ,Yamanto,,Brisbane,Western Suburbs & Ipswich
Albany Creek Tavern ,Cnr Old Northern Road & Albany Creek Rd ,Albany Creek ,,Brisbane,Northern Suburbs
Total Tools- Albury,569 Hume St,Albury,,Brisbane,Bayside & Eastern Suburbs
Alexandra Hills Hotel McGuires Bottleshop,Corner of Finucane & McDonald Road,Alexandra HIlls ,,Brisbane,Bayside & Eastern Suburbs
Meegan Inder,18 Crestone Place,Algester,,Brisbane,Southern Suburbs & Logan
BWS Annerley,688 Ipswich Road,Annerley ,,Brisbane,Southern Suburbs & Logan
Prince Alfred Hotel - Harry Browns Liquor Barn ,170 Brisbane Road ,Booval ,,Brisbane,Western Suburbs & Ipswich
RNA SHOWGROUNDS,,Bowen Hills,,Brisbane,Northern Suburbs
Royal Int Convention Centre RNA Showgrounds, Gregory Terrace ,BOWEN HILLS,,Brisbane,Northern Suburbs
Fresh Office + Tresscox Law Agency ,31 Jeays Street + 40 Creek Street ,Bowen Hills,,Brisbane,Northern Suburbs
Hotel Urban,345 Wickham Terrace,Brisbane,,Brisbane,CBD & Inner Suburbs
Honey Bs ,2 Caxton St ,Brisbane,,Brisbane,CBD & Inner Suburbs
The Pullman Hotel,Corner of Ann And Roma Streets ,BRISBANE,,Brisbane,CBD & Inner Suburbs
The Sofitel Brisbane,249 Turbot Street ,Brisbane,,Brisbane,CBD & Inner Suburbs
Vicotry Hotel,127 Edward St,Brisbane,,Brisbane,CBD & Inner Suburbs
Victory Hotel,127 Edward St,Brisbane,,Brisbane,CBD & Inner Suburbs
Department of Tourism,Level 4 Brisbane International Airport,Brisbane,,Brisbane,CBD & Inner Suburbs
Brisbane Polo Club,193 Mary St (Cnr Eagle & Felix Streets) ,Brisbane ,,Brisbane,CBD & Inner Suburbs
Dan Murphys Brisbane ,Lakeside Drive ,Brisbane ,,Brisbane,CBD & Inner Suburbs
RBS MORGANS,Level 29 Riveride Center 123 Eagle Street ,Brisbane ,,Brisbane,CBD & Inner Suburbs
South Brisbane ,27 Peel Street ,Brisbane ,,Brisbane,CBD & Inner Suburbs
Old Government House ,2 George Street,Brisbane ,,Brisbane,CBD & Inner Suburbs
Irish Murpheys ,175 George Street ,Brisbane ,,Brisbane,CBD & Inner Suburbs
BWS- Aurora Towers- Queen St- Brisbane,Shop 3 Aurora Tower  420 Queens St,Brisbane CBD,,Brisbane,CBD & Inner Suburbs
Brisbane CBD Makita Promotion ,TBC,Brisbane CBD ,,Brisbane,CBD & Inner Suburbs
Caxton Hotel ,38 Caxton Street ,Brisbane City,,Brisbane,CBD & Inner Suburbs
Park View Room, 345 Wickham Terrace ,Brisbane City ,,Brisbane,CBD & Inner Suburbs
Ballys ,Queens Plaza Shopping Centre (David Jones) Ground Floor Level ,Brisbane City ,,Brisbane,CBD & Inner Suburbs
Wesley House ,140 Ann Street ,Brisbane City ,,Brisbane,CBD & Inner Suburbs
Cellarbrations - Roma St Station ,Shop G1A 151 171 Roma Street (Ground Floor),Brisbane City ,,Brisbane,CBD & Inner Suburbs
Beach House ,Corner of Elizabeth & Albert Street ,Brisbane City ,,Brisbane,CBD & Inner Suburbs
Pig & Whistle ,Queen Street Mall ,Brisbane City ,,Brisbane,CBD & Inner Suburbs
Quarry Club Bulimba Army Barracks ,Entry via Apollo Rd ,Bulimba,,Brisbane,CBD & Inner Suburbs
Oxford 152,152 Oxford St,Bulimba,,Brisbane,CBD & Inner Suburbs
Leanna White Catering Job ,31 Addison Avenue,Bulimba ,,Brisbane,CBD & Inner Suburbs
Trader Dukes,289-295 King Street ,Caboolture ,,Brisbane,Northern Suburbs
Liquorland Caboolture ,60-78 King Street ,Caboolture ,,Brisbane,Northern Suburbs
McGuires Bottle shop- Calamvale,Nottingham Rd Shopping Village,Calamvale,,Brisbane,Southern Suburbs & Logan
Down Under Cellars ,Save City Shopping Centre - Corner of Creek & Wynnum Road,Cannon Hill ,,Brisbane,Bayside & Eastern Suburbs
Liquorland - Cannon Hill,1131 Wynnum Road ,Cannon Hill ,,Brisbane,Bayside & Eastern Suburbs
First Choice Cannon Hill,11-17 Southgate Avenue ,Cannon Hill ,,Brisbane,Bayside & Eastern Suburbs
Sportscraft Carindale,1151 Creek Rd,Carindale,,Brisbane,CBD & Inner Suburbs
PRV - CARINDALE,11 Orientos Court,Carindale ,,Brisbane,CBD & Inner Suburbs
Liquorland - Carindale ,1151 Creek Road (Carindale Shopping Center),Carindale ,,Brisbane,CBD & Inner Suburbs
Westfield Chermside,Shop 321 Cnr Gympie Road & Hamilton Road,Chermside,,Brisbane,Northern Suburbs
Dan Murphys Chermside ,Westfield Chermside Shopping Centre ,Chermside ,,Brisbane,Northern Suburbs
Jo Cookes ,58 Wellington Street,Clayfield ,,Brisbane,Northern Suburbs
Private Residence - Clayfield,TO BE CONFIRMED ,Clayfield ,,Brisbane,Northern Suburbs
BWS Clayfield Markets,823 Sandgate Road ,Clayfield ,,Brisbane,Northern Suburbs
Redlands Boat Club,1 William St,Cleveland,,Brisbane,Bayside & Eastern Suburbs
First Choice - Cleveland ,26-28 Shore Street ,Cleveland ,,Brisbane,Bayside & Eastern Suburbs
First Choice - Raby Bay ,Corner of Middle and Bloomfield Street ,Cleveland ,,Brisbane,Bayside & Eastern Suburbs
Trish Jackson ,25 Bollard Court ,Cleveland ,,Brisbane,Bayside & Eastern Suburbs
Pene Bancroft ,11 Perihelion Street,Coorparoo,,Brisbane,CBD & Inner Suburbs
Darra Polish Hall,23 Station Rd,Darra,,Brisbane,Southern Suburbs & Logan
Kobi Cookes,Qld Positive People 21 Manilla Street,East Brisbane,,Brisbane,Bayside & Eastern Suburbs
Maddie Turner,82 Mowbray Tce ,East Brisbane,,Brisbane,Bayside & Eastern Suburbs
Liquorland - Enoggera ,318 Wardell Street ,Enogerra ,,Brisbane,Northern Suburbs
BBQs To Banquets ,Victoria Army Barracks ,Enoggera,,Brisbane,Northern Suburbs
Royal George Hotel,327 Brunswick Street,Fortitude Valley,,Brisbane,CBD & Inner Suburbs
Bank Bar,336 Brunswick St,Fortitude Valley,,Brisbane,CBD & Inner Suburbs
GPO,740 Ann Street,Fortitude Valley,,Brisbane,CBD & Inner Suburbs
Platinum Bar Solutions ,,Fortitude Valley ,,Brisbane,CBD & Inner Suburbs
633,Ann Street ,Fortitude Valley ,,Brisbane,CBD & Inner Suburbs
The Beat ,Ann Street ,Fortitude Valley ,,Brisbane,CBD & Inner Suburbs
Artisan ,381 Brunswick Street ,Fortitude Valley ,,Brisbane,CBD & Inner Suburbs
Fringe Bar,Corner of Anne and Constance Street ,Fortitude Valley ,,Brisbane,CBD & Inner Suburbs
The Elephant &  Arms Hotel,230 Wickham St,Fotitude Valley,,Brisbane,CBD & Inner Suburbs
Dan Murphys Hamilton,Cnr Kingsford Smith Drive & Racecourse Rd ,Hamilton,,Brisbane,Northern Suburbs
Hamilton Hotel,442 Kingsford Smith Dr,Hamilton,,Brisbane,Northern Suburbs
Hamilton - Private Residence,66 Eldernell Ave,Hamilton,,Brisbane,Northern Suburbs
Hamilton Hotel ,442 Kingsford Smith Dr ,Hamilton ,,Brisbane,Northern Suburbs
PRIVATE RESIDENCE,TBC,Holland Park,,Brisbane,Southern Suburbs & Logan
Private Residence- Holland Park,62 Newbolt St,Holland Park,,Brisbane,Southern Suburbs & Logan
Ian McCosker Residence,62 Newbolt Street,Holland Park,,Brisbane,Southern Suburbs & Logan
Pineapple Cellars- Holland Park,1226 Logan Rd,Holland Park,,Brisbane,Southern Suburbs & Logan
Nuala Dean private Res,16 Volgar Cres,Indooroopilly,,Brisbane,Western Suburbs & Ipswich
Nuala Dean private Res,16 Volgar Cres,Indooroopilly,,Brisbane,Western Suburbs & Ipswich
Yamanto Tavern - Harry Brown Liquor Barn ,510 Warwick Road ,Ipswich ,,Brisbane,Western Suburbs & Ipswich
Cliffs Cafe,29 Riverview Tce,Kangaroo Point,,Brisbane,CBD & Inner Suburbs
Kangaroo Point ,133 Lambert Street,Kangaroo Point,,Brisbane,CBD & Inner Suburbs
39 Castlebar Street Kangaroo Point,39 Castlebar Street,Kangaroo Point,,Brisbane,CBD & Inner Suburbs
QUT,The Block Musk Ave,Kelvin Grove,,Brisbane,Northern Suburbs
La Boite Theatre Company,La Boite Theatre Company Building Z1 The Works 6-8 Musk Avenue Kelvin Grove,Kelvin Grove,,Brisbane,Northern Suburbs
Kelvin Grove Village ,Level 5/88 Musk Ave,Kelvin Grove,,Brisbane,Northern Suburbs
QUT,KELVIN GROVE CAMPUS - Off Musk Ave THE BLOCK BUILDING Z3,Kelvin Grove,,Brisbane,Northern Suburbs
Liquorland - Kenmore ,9 Brookfield Road (Kenmore Shopping Center),Kenmore ,,Brisbane,Western Suburbs & Ipswich
First Choice Kenmore ,841 Moggill Road ,Kenmore ,,Brisbane,Western Suburbs & Ipswich
Liquorland - Loganholme,Bryants Road (Hyperdome Shopping Center),Loganholme,,Brisbane,Southern Suburbs & Logan
Woolworths- Loganholme,Hyperdome/Pacific Motorway,Loganholme,,Brisbane,Southern Suburbs & Logan
Bottlemart - Riverlakes Plaza ,Riverlakes Shopping Village 8-16 Gleneagles Avenue,Loganholme ,,Brisbane,Southern Suburbs & Logan
 Manly-Lota RSL,-184 Melville Tce ,Manly,,Brisbane,Bayside & Eastern Suburbs
Thirsty Camel (Manly Hotel),Crn Cambridge & Statton Tce ,Manly,,Brisbane,Bayside & Eastern Suburbs
PRV - MANLY WEST,46 Graduate Street,Manly West,,Brisbane,Bayside & Eastern Suburbs
Thirsty Camel Manly West ,Shop 5 190 Radford Road,Manly West ,,Brisbane,Bayside & Eastern Suburbs
NHP,16 Riverview Pl,Murarrie,,Brisbane,Bayside & Eastern Suburbs
NHP, 16 Riverview Place,Murarrie ,,Brisbane,Bayside & Eastern Suburbs
Trade Tools,7 Mitchell St ,Nambour,,Brisbane,Northern Suburbs
Liquor Lads - Woolworths Nambour ,Shop 23 Nambour Plaza - 28 Ann Street,Nambour ,,Brisbane,Northern Suburbs
Narangba Valley Tavern - Cellarbrations liquor Barn ,37-47 Golden Wattle Drive,Narangba,,Brisbane,Northern Suburbs
Liquorland - Narangba ,36 Main Street,Narangba ,,Brisbane,Northern Suburbs
Narangba Valley Hotel ,34-47 Golden Wattle Drive ,Narangba ,,Brisbane,Northern Suburbs
New Farm Park ,New Farm Park ,New Farm,,Brisbane,CBD & Inner Suburbs
The Moreton Club,71 Moray Street ,New Farm,,Brisbane,CBD & Inner Suburbs
Gasworks,Skyring Terrace,New Farm,,Brisbane,CBD & Inner Suburbs
PRIVATE RESIDENCE 2,16 OXLAIDE DRIVE,NEW FARM ,,Brisbane,CBD & Inner Suburbs
Private Residence 1,UNIT 1/ 18 MORAY STREET,NEW FARM (PRIVATE RESIDENCE),,Brisbane,CBD & Inner Suburbs
Suntory Office,23 Kyabra St,Newstead,,Brisbane,CBD & Inner Suburbs
First Choice - Newstead ,Corner of Ann Street and Commercial Road ,Newstead ,,Brisbane,CBD & Inner Suburbs
Australian Agricultural Company ,Level 1 Tower A Gasworks Plaza 76 Skyring Terrace,Newstead ,,Brisbane,CBD & Inner Suburbs
Toombul Bowls Club,70 Flower St ,Northgate,,Brisbane,Northern Suburbs
Strike Group,263 Toombul Road,Northgate,,Brisbane,Northern Suburbs
Dan Murphys Northlakes ,1 Northlakes Drive ,Northlakes ,,Brisbane,Brisbane
MT GUNSTON CONTRACTING,20 Carrington Street,Paddington,,Brisbane,Northern Suburbs
The Normanby Hotel ,Murgrave road,Red Hill,,Brisbane,Northern Suburbs
The Normanby ,1 Musgave Road ,Red Hill,,Brisbane,Northern Suburbs
The Normanby ,1 Musgrave Road ,Red Hill,,Brisbane,Northern Suburbs
Mon Komo,99 Marine Pde,Redcliffe,,Brisbane,Northern Suburbs
Alfresco on Rochedale,Rochedale Estate - Coopers Crescent,Rochedale,,Brisbane,Southern Suburbs & Logan
Liquorland - Rochedale ,549-563 Underwood Road (Rochedale Shopping Center) ,Rochedale ,,Brisbane,Southern Suburbs & Logan
Runcorn Tavern - Thirsty Camel ,124 Gowan Road ,Runcorn,,Brisbane,Southern Suburbs & Logan
First Choice Salisbury,668 Toohey Rd,Salisbury,,Brisbane,Southern Suburbs & Logan
JIST,460 - 492 Beaudesert rd ,Salisbury ,,Brisbane,Southern Suburbs & Logan
GOMA,Stanley Place,South Bank,,Brisbane,CBD & Inner Suburbs
Brisbane Convention & Exhibition Centre,Cnr Merivale Street and Glenelg St,South Bank,,Brisbane,CBD & Inner Suburbs
South Bank Restaurant Precinct ,TBC,South Bank Brisbane.,,Brisbane,CBD & Inner Suburbs
E Block - Southbank Institute Of Technology ,7/19 Glenelg Street,South Brisbane,,Brisbane,Southern Suburbs & Logan
Southbank Tafe,Level 1 C Block 66 Ernest Street,South Brisbane,,Brisbane,Southern Suburbs & Logan
BRISBANE CONVENTION CENTRE,Merivale St ,South Brisbane,,Brisbane,Southern Suburbs & Logan
Peel Street,27 Peel street,South Brisbane,,Brisbane,Southern Suburbs & Logan
Brisbane Convention & Exhibition Centre,Cnr Merivale Road & Glenelg Street S,South Brisbane,,Brisbane,Southern Suburbs & Logan
Qld Museum,Melbourne Street,South Brisbane,,Brisbane,Southern Suburbs & Logan
Fox Hotel,71-73 Melbourne St,South Brisbane,,Brisbane,Southern Suburbs & Logan
Wandering Cooks ,Cnr of Fish Ln & Cordelia St,South Brisbane ,,Brisbane,Southern Suburbs & Logan
QPAC ,#NAME?,Southbank,,Brisbane,CBD & Inner Suburbs
Zen Catering - Riverfire ,To be confirmed ,Southbank,,Brisbane,CBD & Inner Suburbs
GOMA,Goma Southbank Level 5,Southbank,,Brisbane,CBD & Inner Suburbs
BACCHUS- RYDGES SOUTHBANK,Cnr Grey & Glenelg Streets,Southbank,,Brisbane,CBD & Inner Suburbs
QLD College of Art - Griffith University ,226 Grey Street ,Southbank ,,Brisbane,CBD & Inner Suburbs
Charles Williams ,56 Kennigo Street ,Spring Hill,,Brisbane,CBD & Inner Suburbs
Sportsman Hotel ,130 Leichardt Street ,Spring Hill ,,Brisbane,CBD & Inner Suburbs
BWS Spring Hill,Shop 8 150-170 Leichard Street ,Spring Hill ,,Brisbane,CBD & Inner Suburbs
First Choice Springfield Lakes ,1 Springfield Boulevard ,Springfield Lakes ,,Brisbane,Southern Suburbs & Logan
Karen McLaughlin Wedding ,57 Lake Entrance Drive ,Springfield Lakes ,,Brisbane,Southern Suburbs & Logan
The Womens College,UQ Campus - College Road,St Lucia,,Brisbane,CBD & Inner Suburbs
UQ Art Museum - St Lucia Campus,UQ Art Museum,St Lucia ,,Brisbane,CBD & Inner Suburbs
Liquorland St Lucia ,222 Hawken Drive ,St Lucia ,,Brisbane,CBD & Inner Suburbs
Dan Murphys The Gap ,21 Glenquarie Place ,The Gap,,Brisbane,Western Suburbs & Ipswich
The Gap Tavern ,21 Glenquarie Place ,The Gap ,,Brisbane,Western Suburbs & Ipswich
BWS The Gap,Shop 2 974 Waterworks Road ,The Gap ,,Brisbane,Western Suburbs & Ipswich
Westfield Garden City,Kessels Rd,Upper Mt Gravatt,,Brisbane,Southern Suburbs & Logan
Victoria Point ,74 Worthing Road ,Victoria Point,,Brisbane,Bayside & Eastern Suburbs
Victoria Point Tavern DBS,349-369 Colburn Avenue ,Victoria Point,,Brisbane,Bayside & Eastern Suburbs
Dan Murphys Victoria Point ,349-369 Colburn Avenue ,Victoria Point ,,Brisbane,Bayside & Eastern Suburbs
Elyssium ,13 Bunker Road ,Victoria Point ,,Brisbane,Bayside & Eastern Suburbs
Cottee Parker Architects,CPA Office - 201 Montague road,West End,,Brisbane,CBD & Inner Suburbs
Depot- West End,16 Horan St,West End,,Brisbane,CBD & Inner Suburbs
Club Czar,14 Burke St ,Woolloongabba,,Brisbane,Southern Suburbs & Logan
Private Residence- Woolloongabba,108 Norman St,Woolloongabba,,Brisbane,Southern Suburbs & Logan
SCS Trading,Depot 108 Norman Street,Wooloongabba,,Brisbane,Southern Suburbs & Logan
The Russian Club,19 Lotus Street,Wooloongabba,,Brisbane,Southern Suburbs & Logan
Horizon Shores Marina ,Cabbage Tree Point Road,Woongoolba,,Brisbane,Southern Suburbs & Logan
Harry Browns Yananto Tavern,510 Warwick Rd,Yamanto,,Brisbane,Western Suburbs & Ipswich
Liz Cruze,10 Park Lane,Yerongapilly,,Brisbane,Southern Suburbs & Logan
LakeHouse,140 Bank Place,GoldCoast,5188,Gold Coast,
CBD Tavern ,15-21 Lake St,Varsity Lakes ,4227,Gold Coast,
Skilled Stadium,Stadium Drive,ROBINA,4226,Gold Coast,
Skilled Stadium,Stadium Drive,ROBINA,4226,Gold Coast,
Skilled Park,Stadium Drive ,Robina,4226,Gold Coast,
Dog and Parrot Tavern,2-6 Scottsdale Dr,Robina ,4226,Gold Coast,
Burleigh Stocklands,149 W Burleigh Rd,Burleigh Heads,4220,Gold Coast,
City Farmers Burleigh ,9 Classic Way,Burleigh Waters,4220,Gold Coast,
GOLD COAST CONVENTION CENTRE,Gold Coast Hwy,BROADBEACH,4218,Gold Coast,
JUPITERS CASINO,Cnr Hooker Boulevard & Gold Coast Hwy,BROADBEACH,4218,Gold Coast,
Sofitel Broadbeach ,81 Surf pde Parade ,Broadbeach,4218,Gold Coast,
Sofitel Gold Coast,81 Surf Parade,Broadbeach,4218,Gold Coast,
Gold Coast Convention Centre,2684-2690 Gold Coast Hwy,Broadbeach,4218,Gold Coast,
Priceline GC,SHOP 81 LEVEL 1 PACIFIC FAIR S/CENTRE HOOKER BLVD ,BROADBEACH ,4218,Gold Coast,
Howl At The Moon,LVL 1 19 - 21 Victoria Ave,Broadbeach ,4218,Gold Coast,
Sin City ,22 Orchird Avenue,Surfers Paradise,4217,Gold Coast,
Vanity ,26 Orchird Ave,Surfers Paradise,4217,Gold Coast,
Melbas,46 Cavill Ave,Surfers Paradise,4217,Gold Coast,
Australia Fair (Southport),42 Marine Parade,Southport,4215,Gold Coast,
Griffith University - Gold Coast Campus ,Parklands Drive,Southport ,4215,Gold Coast,
Griffith - Gold Coast ,Parklands Drive ,Southport ,4215,Gold Coast,
Parkwood Tavern ,Wintergreen Drive ,Parkwood,4214,Gold Coast,
Intercontinental Resort,Manor Circuit Sanctuary Cove,Gold Coast,4212,Gold Coast,
Nerang Bowls Club,Cayuga Street,Nerang ,4211,Gold Coast,
Beenleigh Shopping Centre,40-68 Main Street,Beenleigh ,4208,Gold Coast,
 Quench Liquor Barn (Ashmore Tavern),Crn Currumburra & Cotlew,Ashmore,,Gold Coast,
Dan Murphys Beenleigh ,95-97 George Street ,Beenleigh ,,Gold Coast,
Dan Murphys Biggera Waters ,716 Harbourtown Drive ,Biggera Waters (Dublin Docks),,Gold Coast,
Intercontinential Sanctuary Cove Resort Gold Coast , Manor Circle Sanctuary Cove Resort ,Gold Coast ,,Gold Coast,
Dan Murphys Nerang ,53 Station Road ,Nerang ,,Gold Coast,
Dan Murphys Oxenford ,179 Old Pacific Highway ,Oxenford ,,Gold Coast,
Dan Murphys Parkwood ,Wintergarden and Olsen Avenue ,Parkwood ,,Gold Coast,
Liquor legends, Commerce Drive ,Robina,,Gold Coast,
Dan Murphys Robina ,5 Scottsdale Drive ,Robina ,,Gold Coast,
Dan Murphys Sunnybank ,289 McCullough Street ,Sunnybank ,,Gold Coast,
Marriott Resort,158 Ferny Ave,Surfers Paradise,,Gold Coast,
Liquorland - Surfers Paradise,3240 Gold Coast Highway ,Surfers Paradise ,,Gold Coast,
Paddington tavern - Ashgrove DBS,17 Stewards Road ,Ashgrove ,,Gold Coast,
Ashmore Tavern,Cnr Currumburra & Cotlew,Ashmore,,Gold Coast,
 ASHMORE TAVERN,161 Cotlew Street ,Ashmore,,Gold Coast,
Quench Liquor - Ashmore ,Shop 9 Bronberg Plaza Slayter Avenue,Ashmore ,,Gold Coast,
ASHMORE PLAZA BOTTLESHOP,Shop 52 146 Cotlew Street ,Ashmore (Opposite Ashmore Tavern) ,,Gold Coast,
Mitre 10- Beaudesert,24-26 William St ,Beaudesert,,Gold Coast,
Beaudesert Hotel ,80 Brisbane Street ,Beaudesert ,,Gold Coast,
Beaudesert Hotel - DBS ,Cellarbrations Bottlestore - Anna Street Shopping Centre - Corner of Ann and William  Street ,Beaudesert ,,Gold Coast,
Dan Murphys Beenleigh ,95-97 George Street ,Beenleigh ,,Gold Coast,
Scott Cogar ,83 Edinburgh Road ,Benowa Waters ,,Gold Coast,
Trade Tools Biggera Waters ,19 Gateway Drive,Biggera Waters,,Gold Coast,
Total Tools- Biggera Waters,19 Gateway Dr,Biggera Waters,,Gold Coast,
Grand Hotel Labrador Biggera Waters DBS,Biggera Waters Shopping Centre - 33 Hollywell Road ,Biggera Waters ,,Gold Coast,
Sofitel Broadbeach,81 Surf Parade ,Broadbeach,,Gold Coast,
Envy Hotel,Lvl 2 Niecon Twr 19 Victoria Ave,Broadbeach,,Gold Coast,
Jupiters Casino- Broadbeach,Gold Coast Hwy,Broadbeach,,Gold Coast,
Jupiters Casino ,Gold Coast Highway ,Broadbeach ,,Gold Coast,
BEL AIR BOTTLESHOP,2625 Gold Coast Highway ,Broadbeach (Opposite Jupiters Casino),,Gold Coast,
Varsity Lakes Tavern,2 Santa Maria Crt,Burleigh Waters,,Gold Coast,
Dan Murphys Burleigh Waters ,2 Santa Maria Court ,Burleigh Waters ,,Gold Coast,
20 Barra Crescent Coolum Beach,20 Barra Crescent,Coolum Beach,,Gold Coast,
United Tools- Burleigh,2/1 Flint Ct,Gold Coast,,Gold Coast,
Jupiters Casino- Gold Coast,Jupiters Casino Rd Broadbeach Island,Gold Coast,,Gold Coast,
Various Gold Coast Restaurant Precincts ,,Gold Coast,,Gold Coast,
ASM LIQUOR,TBC,Gold Coast ,,Gold Coast,
Saltwater Creek Hotel (Thirsty Camel Barn),22 Siganto Dr ,Helensvale,,Gold Coast,
First Choice Helensvale,1-29 Millaroo Dve,Helensvale,,Gold Coast,
Riverlinks Estate,2 North Bank Court,Helensvale,,Gold Coast,
Saltwater Creek Tavern Liquor Barn ,Siganto Drive ,Helensvale ,,Gold Coast,
Murwillumbah Cellars ,Shop 6 10-16 Brisbane Street ,Murwillumbah ,,Gold Coast,
Nerang Bowls Club ,Cayuga St ,Nerang,,Gold Coast,
Dan Murphys Nerang ,53 Station Road ,Nerang ,,Gold Coast,
United Tools- Nerang,Cnr Pappas Way & Spencer Rd,Nerang Gold Coast,,Gold Coast,
Nucrush Quarry,end of Hart street,Oxenford,,Gold Coast,
Dan Murphys Oxenford ,179 Old Pacific Highway ,Oxenford ,,Gold Coast,
Dan Murphys Parkwood ,Wintergarden And Olsen Avenue,Parkwood,,Gold Coast,
Robina Town Centre,Robina Town Centre Drive,Robina,,Gold Coast,
Glades Golf Course ,818 Legend Trail ,Robina ,,Gold Coast,
Dan Murphys Robina ,5 Scottsdale Drive ,Robina ,,Gold Coast,
First Choice - Runaway Bay ,Lae Drive and Morala Avenue ,Runaway Bay ,,Gold Coast,
Michael Rumpf,9 Gayle Street,Southport,,Gold Coast,
First Choice- Southport,201 Ferry Rd,Southport,,Gold Coast,
Wright Property ,123 Ferry Road ,Southport ,,Gold Coast,
Quench Liquor - Bronberg Plaza,Shop 9 Bronberg Plaza - Slayter Ave,Southport ,,Gold Coast,
BRONBERG PLAZA BOTTLESHOP,9 Slayter Avenue ,Southport (Bronberg Shop Plaza) ,,Gold Coast,
Waxys Wine Rack DBS,Shop 20 Circle on Cavil 3184 Surfers Paradise Blvd (Inside next to Woolworths) ,Surfers Paradise,,Gold Coast,
Q1 Penthouse,9 Hamilton Ave ,Surfers Paradise,,Gold Coast,
Paris,Shop 26 The Forum 26 Orchid Ave,Surfers Paradise,,Gold Coast,
The Vollyball Courts,Corner of Hanlen and Tricket Street ,Surfers Paradise ,,Gold Coast,
Liquorland Surfers Paradise ,3240 Gold Coast Highway ,Surfers Paradise ,,Gold Coast,
Billys Beach House ,Corner of Gold Coast Highway & Aubrey Street ,Surfers Paradise ,,Gold Coast,
Cocktails and Dreams ,515 Orchid Avenue,Surfers Paradise ,,Gold Coast,
Cocktails & Dreams ,515 Orchid Avenue,Surfers Paradise ,,Gold Coast,
First Choice - Varsity Lakes,221 Christine Avenue ,Varsity Lakes ,,Gold Coast,
Hollaway And Bishop Wedding ,9 Walton Crescent ,Murrumba Downs,,Brisbane,Northern Suburbs
Murrumba Downs,1 McClintock Drive,Murrumba Downs,,Brisbane,Northern Suburbs
Liquorland - Murrumba Downs ,Dohles Rocks Road and Goodrich Drive ,Murrumba Downs ,,Brisbane,Northern Suburbs
Pier Bar ,Pier Marketplace Pierpoint Rod,Cairns,4870,QLD,Cairns & Far North
Rattle N Hum ,65/67 The Esplanade ,Cairns,4870,QLD,Cairns & Far North
Woolworths - Abbott St,103 Abbott Street ,Cairns ,4870,QLD,Cairns & Far North
Woodlands Bottle Store ,28 Palm Drive,Deeragun,4818,QLD,Townsville & Northern QLD
Woolworths - Willows,Cnr Thuringowa Drive & Hervey Range Road,Kirwan ,4817,QLD,Townsville & Northern QLD
Dan Murphys Aitkenvale,222 Ross River Road ,Aitkenvale,4814,QLD,Townsville & Northern QLD
Woolworths - Aitkenvale ,Stockland Corner Nathan Street and Ross River Road,Aitkenvale ,4814,QLD,Townsville & Northern QLD
Avenues Tavern ,270 Kern Brothers Dve,Kirwan ,4810,QLD,Townsville & Northern QLD
Cactus Saloon,237 Flinders St,Townsville,4810,QLD,Townsville & Northern QLD
Bullwinkles,108 Flinders Street,Townsville,4810,QLD,Townsville & Northern QLD
Woolworths- Walker St Townsville,Walker St,Townsville,4810,QLD,Townsville & Northern QLD
Woolworths - Fairfield Central ,Corner of Waterfront Parade and Lakeside Drive,Townsville ,4810,QLD,Townsville & Northern QLD
Longboard Bar And Grill,The Strand Headlands/80 Gregory St,Townsville City ,4810,QLD,Townsville & Northern QLD
Blacks Beach Tavern ,Corner Blacks Beach Rd & Slater Avenue    ,Mackay,4740,QLD,Mackay & Coalfields
Mackay Grand Suites ,9 Gregory Street,Mackay,4740,QLD,Mackay & Coalfields
Dan Murphys Mackay ,189 Victoria Street,Mackay ,4740,QLD,Mackay & Coalfields
Marsden Tavern Yeppoon,2 Hill Street ,Yeppoon ,4703,QLD,Rockhampton & Capricorn Coast
The Club Hotel,50 Bourbong St,Bundaberg,4670,QLD,Bundaberg & Wide Bay Burnett
Lighthouse Hotel,66 Zunker St,Burnett Heads,4670,QLD,Hervey Bay & Fraser Coast
Light House Hotel,66 Zunker St,Burnett Heads,4670,QLD,Hervey Bay & Fraser Coast
Buddina,57 Pacific Bvd,Buddina,4575,QLD,Sunshine Coast
Kawand Shopping World,119 Point Cartwright Drive,Buddina,4575,QLD,Sunshine Coast
Noosa Reef Hotel ,19 Noosa Dr,Noosa Heads ,4567,QLD,Sunshine Coast
Novotel Twin Waters Resort,Ocean Drive,TWIN WATERS,4564,QLD,Sunshine Coast
Grand Mecure Beach House,1 Northshore Rd,Twin Waters,4564,QLD,Sunshine Coast
TWIN WATERS GOLF CLUB,151 Ocean Dr,Twin Waters,4564,QLD,Sunshine Coast
Priceline,SHOP GD 246 SUNSHINE PLAZA HORTON PARADE,MAROOCHYDORE,4558,QLD,Sunshine Coast
Priceline SC,SHOP GD 246 SUNSHINE PLAZA HORTON PARADE,MAROOCHYDORE,4558,QLD,Sunshine Coast
Sunshine Plaza Shopping Centre ,Horton Parade,Maroochydore ,4558,QLD,Sunshine Coast
The Surf Club Mooloolaba,Mooloolaba Esplanade,Mooloolaba,4557,QLD,Sunshine Coast
OMalleys Mooloolaba ,19/20 Upper Level. 1 Venning St,Mooloolaba ,4557,QLD,Sunshine Coast
First Choice Sippy Downs ,20 Chancellor Village Blvd,Sippy Downs ,4556,QLD,Sunshine Coast
EVENTS CENTRE CALOUNDRA,20 Minchinton Street,CALOUNDRA,4551,QLD,Sunshine Coast
Queen St Community Hall,Queen Street,Caloundra,4551,QLD,Sunshine Coast
Oaks Oasis Caloundra,Cnr of North St & Landsborough Pde Golden Beach,Caloundra,4551,QLD,Sunshine Coast
The Cube Hotel ,Corner of Margaret & Neil Street,Toowoomba,4350,QLD,Toowoomba & Darling Downs
Trade Tools - Toowoomba ,Total Tools - South St ,Toowoomba,4350,QLD,Toowoomba & Darling Downs
Priceline,SH 33 GRAND CENTRAL S/C CNR DENT & MARGARET ST ,TOOWOOMBA ,4350,QLD,Toowoomba & Darling Downs
Kellie & Nigels ,58 Morialta Place ,Parkinson ,4115,QLD,Cairns & Far North
Kellie & Nigels ,58 Morialta Place ,Parkinson ,4115,QLD,Cairns & Far North
Toowong Village Shopping Centre,9 Sherwood Road,Toowoong,4066,QLD,Toowoomba & Darling Downs
Brisbane Greyhound Racing Club,Amy Street & Breakfast Creek,Albion ,4010,QLD,Cairns & Far North
DOOMBEN RACECOURSE,75 Hampden St,ASCOT,4007,QLD,Cairns & Far North
EAGLE FARM RACECOURSE,230 Lancaster Rd,ASCOT,4007,QLD,Cairns & Far North
Doomben Raceway,75 Hampden St,Ascot,4007,QLD,Cairns & Far North
Doomben Raceway ,75 Hampden Street ,Ascot,4007,QLD,Cairns & Far North
Doomben Racecourse,75 Hampden St,Ascot,4007,QLD,Cairns & Far North
QMIR - Queensland Institute Of Medical Research,300 Herston Road,Herston,4006,QLD,Cairns & Far North
VICTORIA PARK GOLF COMPLEX,223 Herston Road,HERSTON,4000,QLD,Cairns & Far North
Albion Park Raceway,3 Amy Street,Albion,,QLD,Cairns & Far North
Beachmere Tavern Bottlemart,2 James Road ,Beachmere,,QLD,Sunshine Coast
Dan Murphys Buddina, Nicklin Way ,Buddina,,QLD,Sunshine Coast
Dan Murphys Kawana Waters Buddina ,Nicklin Way ,Buddina ,,QLD,Sunshine Coast
Bohle Barn - Deeragun DBS, 28 Palm Drive,Deeragun ,,QLD,Townsville & Northern QLD
Dan Murphys Brisbane Airport,1 Airport Drv ,Eagle Farm,,QLD,Mackay & Coalfields
Avenues Tavern ,270 Kern Brothers Drive ,Kirwan Townsville,,QLD,Townsville & Northern QLD
Blacks Beach Tavern Bottleshop,240 Blacks Beach Rd ,Mackay,,QLD,Mackay & Coalfields
Rosemount,23 Pringle Road,Rosemount,,QLD,Sunshine Coast
Herbert Hotel bottleshop,102-114 Sturt St,Townsville,,QLD,Townsville & Northern QLD
Mama Africas,263 Shute Harbour Rd,Airlie Beach,,QLD,Mackay & Coalfields
Down Under Bar,336 Shute Harbour Rd,Airlie Beach,,QLD,Mackay & Coalfields
Beaches Backpackers ,356 Shute Harbour Road ,Airlie Beach ,,QLD,Mackay & Coalfields
Mama Africa ,263 Shute Harbour Road ,Airlie Beach ,,QLD,Mackay & Coalfields
Woolworths- Nathan Plaza Townsville,Stockland- Crn Nathan St & Ross River Rd,Aitkenvale,,QLD,Townsville & Northern QLD
Tattsbet ,240 Sandgate Road ,ALBION,,QLD,Cairns & Far North
Murphy Pipe & Civil,60 Kingsford Smith Drive,Albion,,QLD,Cairns & Far North
Fratelli Italian Ristorante ,103 Crosby Road ,ALBION ,,QLD,Cairns & Far North
Total Tools- Albion Park Rail,/1 Durgadin Dr,Albion Park Rail,,QLD,Cairns & Far North
Eagle Farm Markets,30 Lancaster Rd,Ascot,,QLD,Cairns & Far North
Doomben Race Course,75 Hampden St,Ascot,,QLD,Cairns & Far North
Eagle Farm race Course,230 Lancaster Rd,Ascot,,QLD,Cairns & Far North
Doomben Racecourse,75 Hampden St,Ascot,,QLD,Cairns & Far North
Cellarbrations- Brinsmead,Shop 1 Brinsmead Rd,Brinsmead Cairns,,QLD,Cairns & Far North
Kawana Waters Hotel ,Nicklin Way ,Buddina ,,QLD,Sunshine Coast
Dan Murphys Kawana Waters ,Kawana Waters Hotel  136 Point Cartwright Drive,Buddina ,,QLD,Sunshine Coast
Cellarbrations- Northway DBS,7/23 Queen St,Bundaberg,,QLD,Bundaberg & Wide Bay Burnett
Central Hotel-Bundaberg ,18 Targo Street ,Bundaberg ,,QLD,Bundaberg & Wide Bay Burnett
Bourbong Cellars ,241 Bourbong Street ,Bundaberg ,,QLD,Bundaberg & Wide Bay Burnett
Sugarland Tavern ,52 Jonston Street ,Bundaberg ,,QLD,Bundaberg & Wide Bay Burnett
Sugarland Cellars,Shop 425 Sugarland SC 115-119 Takalvin Street ,Bundaberg ,,QLD,Bundaberg & Wide Bay Burnett
Lighthouse Hotel,66 Zunker St,Burnett Heads,,QLD,Hervey Bay & Fraser Coast
Light House Hotel,66 Zunker St,Burnett Heads,,QLD,Hervey Bay & Fraser Coast
Woolworths,103 Abbott St ,Cairns,,QLD,Cairns & Far North
Woolworths- Abbott St Cairns,103 Abbott St,Cairns,,QLD,Cairns & Far North
Society ,Level 1 15 Spence Street ,Cairns ,,QLD,Cairns & Far North
Gilligans ,57-89 Grafton Street ,Cairns ,,QLD,Cairns & Far North
Sugar Hut ,Level 1 39 Lake Street,Cairns ,,QLD,Cairns & Far North
Tough Mudder Grounds, Racecourse Rd (behind Courbould Park racecourse),Caloundra,,QLD,Sunshine Coast
Caloundra Rugby Union Club ,Arthur Street,Caloundra,,QLD,Sunshine Coast
Caloundra RSL,19 West Tce,Caloundra,,QLD,Sunshine Coast
Caloundra Rugby Union Club,Lighthouse Park Facility - Arthur Street,Caloundra,,QLD,Sunshine Coast
Airlie Beach Hotel- Thirsty Camel,Centro Shopping Centre 8 Galbraith Rd,Cannonvale,,QLD,Mackay & Coalfields
Reef Hotel- Bottle shop,Shute Harbour Rd,Cannonvale,,QLD,Mackay & Coalfields
Reef Gateway Hotel ,38 Shute Harbour Road,Cannonvale ,,QLD,Mackay & Coalfields
City Farmers Capalaba ,Old Cleveland Rd,Capalaba,,QLD,Mackay & Coalfields
First Choice - Capalaba ,Moreton Bay Road (Near Capalaba Shopping Center),Capalaba ,,QLD,Mackay & Coalfields
Cellarbrations- Deeragun,Shop 2 Northside Square 2 Deeragun Rd,Deeragun,,QLD,Townsville & Northern QLD
Woodlands Bottleshop,Centro Shopping Centre,Deeragun ,,QLD,Townsville & Northern QLD
Trade Tools, 12 Harvey Street North,Eagle Farm,,QLD,Mackay & Coalfields
IMT,128 Fison  Avenue ,Eagle Farm,,QLD,Mackay & Coalfields
Tool Boss,54 Duckworth Street,Garbutt,,QLD,Townsville & Northern QLD
Dan Murphys- Dalrymple,310 Bayswater Rd,Garbutt,,QLD,Townsville & Northern QLD
Total Tools Townsville,199 Dalrymple Road ,Garbutt ,,QLD,Townsville & Northern QLD
Dicey Reillys bottle shop- Gladstone,71-77 Dawson Hwy,Gladstone,,QLD,Gladstone & Central QLD
Bojangles,6 Goondoon Street ,Gladstone ,,QLD,Gladstone & Central QLD
Children First Learning Centre (Clients home),6B Derby Street ,Hendra ,,QLD,Cairns & Far North
Pineapple Hotel Cellars,317 Nudgee Road ,Hendra ,,QLD,Cairns & Far North
Ballymore Stadium,Ballymore Stadium 91 Clyde Road,Herston,,QLD,Cairns & Far North
Ballymore Stadium ,Clyde Road,Herston,,QLD,Cairns & Far North
Dan  Murphys- Kirwan,154 Thuringowa Drive,Kirwan,,QLD,Townsville & Northern QLD
Woolworths - Kirwan ,Corner of Thuringowa Drive and Hervey Range Road,Kirwan ,,QLD,Townsville & Northern QLD
Grand Hotel Labrador Bottlestore ,360 Marine Parade,Labrador ,,QLD,Cairns & Far North
Down Under Cellars,25-29 Evans Ave,Mackay,,QLD,Mackay & Coalfields
Mackay Grand Suites,64 Wood St,Mackay,,QLD,Mackay & Coalfields
Shamrock Hotel- bottleshop,165 Nebo Rd,Mackay,,QLD,Mackay & Coalfields
Ambassador Hotel ,2 Sydney Street ,Mackay ,,QLD,Mackay & Coalfields
Blacks Beach DBS ,Shop 7 - Hibiscus Village Mackay Bucasia Road ,Mackay ,,QLD,Mackay & Coalfields
Ambassador Hotel Mackay ,2 Sydney Street ,Mackay ,,QLD,Mackay & Coalfields
Maroochydore Venue ,1/13 Turner street ,Maroochydore,,QLD,Sunshine Coast
Maroochydore Venue (2),33 Broadsea ave ,Maroochydore,,QLD,Sunshine Coast
Ocean Street World Festival,Somersby bus- 19 Oceean St,Maroochydore,,QLD,Sunshine Coast
Hotel Maroochydore - Thirsty Camel Liquor Barn ,201-207 Maroochydore Road ,Maroochydore ,,QLD,Sunshine Coast
First Choice - Maroochydore ,1 Carnaby Street ,Maroochydore ,,QLD,Sunshine Coast
Carriers Arms Hotel bottle shop,405 Alice St,Maryborough,,QLD,Hervey Bay & Fraser Coast
Criterion Hotel Maryborough,Wharf Street ,Maryborough ,,QLD,Hervey Bay & Fraser Coast
Mooloolaba Wharf,123 Parkyn Parade,Mooloolaba,,QLD,Sunshine Coast
BWS Mooloolaba,23 Venning Street,Mooloolaba,,QLD,Sunshine Coast
One Up Bar & Bistro,Venning St,Mooloolaba,,QLD,Sunshine Coast
Mooloolaba ,55 Poinsettia Avenue ,Mooloolaba ,,QLD,Sunshine Coast
The Wharf Tavern Mooloolaba ,River Esplanade ,Mooloolaba ,,QLD,Sunshine Coast
Zupps Mitsushi,1300 Logan Road ,Mt Gravatt,,QLD,Cairns & Far North
First Choice Mt Gravatt,516 Newnham Rd,Mt Gravatt,,QLD,Cairns & Far North
Zupps Mt Gravatt Subaru,1300 Logan Road,Mt Gravatt,,QLD,Cairns & Far North
Beach House Mt Gravatt ,Garden City Shopping Centre,Mt Gravatt ,,QLD,Cairns & Far North
Dan Murphys- Mt Pleasant,20 Malcomson St,Mt Pleasant Mackay,,QLD,Mackay & Coalfields
Noosa Surf Club,Hastings St,Noosa,,QLD,Sunshine Coast
XO Cellars,Noosa Fair Shopping Complex ,Noosa ,,QLD,Sunshine Coast
Noosa Springs Golf Course,Links Drive,Noosa Heads,,QLD,Sunshine Coast
Villa Noosa Hotel,Mary Street ,Noosaville ,,QLD,Sunshine Coast
Dan Murphys Noosa ,15/17-21 Mary Street ,Noosaville ,,QLD,Sunshine Coast
Trader Dukes DBS Northshore ,Shop 18 Centro Plaza,Northshore ,,QLD,Sunshine Coast
Seaview Hotel ,56 The Strand,Northward Townsville ,,QLD,Townsville & Northern QLD
Maroochy Bridge Hotel Centro DBS,Shop 18 Centro - David Low Way,Pacific Paradise ,,QLD,Sunshine Coast
Pacific Paradise ,Shop 16 North Shore Plaza - Menzies Drive ,Pacific Paradise ,,QLD,Sunshine Coast
Marcias,8 Egret Street,Peregian (Sunshine Coast),,QLD,Sunshine Coast
Heritage Hotel,228 Quay St,Rockhampton,,QLD,Bundaberg & Wide Bay Burnett
Rockhampton Stadium,234 Quay St,Rockhampton,,QLD,Bundaberg & Wide Bay Burnett
Victoria Tavern ,1 Musgrave Street ,Rockhampton ,,QLD,Bundaberg & Wide Bay Burnett
Park Avenue Hotel ,Corner of Maines & Haynes Street,Rockhampton ,,QLD,Bundaberg & Wide Bay Burnett
Ginger Mule ,8 William Street ,Rockhampton ,,QLD,Bundaberg & Wide Bay Burnett
First Choice Toowong ,8-14 Sylvan Road ,Toowong ,,QLD,Cairns & Far North
BWS Toowong Village ,10 High Street ,Toowong ,,QLD,Cairns & Far North
 Toowoomba Showgrounds ,,Toowoomba,,QLD,Toowoomba & Darling Downs
Cube Hotel,169 Margaret St,Toowoomba,,QLD,Toowoomba & Darling Downs
Agenda Night Club,12 Russell St,Toowoomba,,QLD,Toowoomba & Darling Downs
Total Tools- Toowoomba,361/365 Taylor St,Toowoomba,,QLD,Toowoomba & Darling Downs
Total Tools - Toowoomba - South St,394 South St ,Toowoomba,,QLD,Toowoomba & Darling Downs
Dan Murphys- Toowoomba,111 James St,Toowoomba,,QLD,Toowoomba & Darling Downs
Southern Hotel Bottlemart DBS,Shop 7 445-455 Hume Street ,Toowoomba ,,QLD,Toowoomba & Darling Downs
Cellarbrations- Torquay Hotel,421 The Esplanade,Torquay Hervey bay,,QLD,Hervey Bay & Fraser Coast
Hoolihans,382 The Esplanade,Torquay Hervey Bay,,QLD,Hervey Bay & Fraser Coast
Torquay Hotel,421 The Esplanade,Torquay Hervey Bay,,QLD,Hervey Bay & Fraser Coast
Herbert Hotel ,102-114 Sturt Street ,Townsville ,,QLD,Townsville & Northern QLD
Casa Lounge Bar ,143-145 Flinders Street ,Townsville ,,QLD,Townsville & Northern QLD
Twin Waters Golf Club,151 Ocean Drive ,Twin Waters,,QLD,Sunshine Coast
Twin Waters Golf Club,151 Ocean Drive ,Twin Waters,,QLD,Sunshine Coast
Twin Waters Golf Club,151 Ocean Drive ,Twin Waters,,QLD,Sunshine Coast
Pacific Hotel,68 James Street ,Yeppoon ,,QLD,Rockhampton & Capricorn Coast
Centro Springwood,Cnr Rochedale Rd & Fitzgerald Avenue,Springwood,4127,Brisbane,Southern Suburbs & Logan
Dan Murphys Springwood ,43 Springwood Road ,Springwood ,,Brisbane,Southern Suburbs & Logan
Private Residence - Springwood,330 Springwood Rd,Springwood,,Brisbane,Southern Suburbs & Logan
Dan Murphys Springwood,43 Springwood Road ,Springwood ,,Brisbane,Southern Suburbs & Logan
Dan Murphys Earlville,423-439 Mulgrave Road,EARLVILLE,4870,,
Dan Murphys Smithfield ,Cnr Cpt Cook & Kennedy Hwys,Smithfield,4870,,
Hambledon Hotel,127 - 129 Bruce Hwy,Edmonton,4869,,
Woolworths - Castletown,Corner of Woolcock Street and Kings Road,Pimlico,4812,,
Andergrove Tavern - Drive Thru ,64 Andergrove Road,Andergrove ,4740,,
Kenilworth Homestead,Kenilworth Homestead - 2760 Eumundi-Kenilworth Road,Kenilworth,4574,,
Mapleton Tavern ,Flaxton Drive,Mapleton ,4560,,
Buderim - PRV,15 Onkara Street,Buderim,4556,,
Witta ,209 Curramore Rd,Witta (Maleny),4552,,
Sampsonvale Community Hall ,Vinn Road,Mt Sampson,4520,,
Morayfield Radio Rentals ,312-344 Morayfield Rd,Morayfield,4506,,
Whiteside,22 Vores Road,Whiteside ,4503,,
ESTEVES - PRV,40 Parklands Crt ,Kurwongbah,4500,,
Gatton View Hotel ,111 Railway Street ,Gatton ,4343,,
Plainlands Hotel ,66 Laidley-Plainlands Rd,Plainland ,4341,,
PRV - MINDEN,25 Boughens Road,Minden,4311,,
Brad & Liz Goulds,23 Native Olive Place,Mt Crosby,4306,,
KSB, 13 HAWKINS CRESCENT ,BUNDAMBA ,4304,,
Natalie Collins ,7 Fernbrook Close ,Brookwater ,4300,,
Jacaranda Festival - Goodna ,Evan Marginson Park Woogaroo Street Goodna,Goodna,4300,,
Private Client ,38-44 Payne Road ,Jimboomba ,4280,,
Pethers Rainforest Retreat,Pethers Rainforest Retreat 28B Geissmann St,North Tamborine,4272,,
Lakelands Golf Course,100 Lakelands Dr,Merrimac,4226,,
Coolangatta Hotel ,70-80 Marine Pde,Coolangatta,4225,,
Brook Rees,359 Golden Four Drive ,Tugun,4224,,
Currumbin RSL,165 Duringan St,Currumbin,4223,,
Marina Mirage ,74 Seaworld Dr,Main Beach ,4217,,
SANCTUARY COVE RESORT,Manor Circle,SANCTUARY COVE,4212,,
Jacobs Well Tavern ,1170 Pimpala-Jacobs Well Rd,Jacobs Well ,4208,,
Stradbroke Island Beach Hotel,E Coast Rd Point Lookout,Stradbroke Island,4183,,
Cove Catering ,Port of Brisbane - 15 Howard-Smith Drive,Lytton ,4178,,
Port of Brisbane ,Port of Brisbane - 15 Howard-Smith Drive,Lytton ,4178,,
Sonja Weixlberger ,50 Piermont Place,Raby Bay,4163,,
Wellington Point Hotel ,381 Main Road,Wellington Point,4160,,
The Vine Birkdale,Cnr Agnes & Birkdale Rds,Birkdale,4159,,
SHELDON COLLEGE,5 Taylor Road,Sheldon,4157,,
Lyndon & Candice,37 Tyberry Street,Chandler,4155,,
The Plantation,1204 New Cleavland Rd,Gumdale,4154,,
First Choice Waterford,Kingston Rd,Waterford,4133,,
JOHN PAUL COLLEGE,John Paul Drive,DAISY HILL,4127,,
Parkridge Tavern ,3774 Mt Lindesay Hwy,Parkridge,4125,,
Pene Bancroft,6 Goodna Road,Greenbank,4124,,
Niche Event Spaces,433 Logan Road,Stones Corner,4120,,
Grand Plaza Shopping Centre ,27-49 Browns Plains Rd,Browns Plains,4118,,
CJD ,36 Colebard Street ,East Acacia Ridge,4110,,
Richlands Tavern ,132 Government Road,Richlands,4077,,
Anita pratt ,45 Austral Avenue ,Graceville ,4075,,
Brookfield Hall ,Upper Brookfield Road,Brookfield,4069,,
Upper Brookfield Community Hall,Upper Brookfield Community Hall Upper Brookfield Road,Brookfield,4069,,
Indooroopilly Hotel,3 Station Rd,INDOOROOPILLY,4068,,
Ray White - Wilston, 77 Kedron Brook Rd,Wilston,4051,,
Katrina Smith ,392 Bridgeman Road,Bridgeman Downs ,4035,,
City Farmers Kedron ,561 Gympie Road,Kedron,4031,,
Bracken Ridge Tavern ,154 Barrett St,Bracken Ridge ,4017,,
PRV - Deagon,3 Central Ave,Deagon,4017,,
St Patricks College,60 Park Parade,Shorncliffe,4017,,
NUDGEE GOLF CLUB,1207 Nudgee Road,NUDGEE,4014,,
Prince of Wales Hotel,1154 Sandgate Rd,NUNDAH,4012,,
Clayton Utz Office,Level 28 Riparian Plaza 71 Eagle St,,4000,,
Caribbean Market,1280 Ferntree Gully Road,Scoresby Melbourne,3179,,
Glenferrie Station,700 Glenferrie Road,Hawthorn,3122,,
City Farmers,83 Old Geelong Road,Hoppers Crossing,3029,,
The Ranch,108 Herring Road,Eastwood Sydney,2122,,
Private House - Chandler ,522 Boston Road ,Chandler ,,,
Dan Murphys Deception Bay,Cnr of Bay Avenue & Deception Bay Road,Deception Bay ,,,
Eatons Hill Hotel - Harry Browns Bottleshop, 646 South Pine Road,EATONS HILL,,,
James Macnaughtan ,231 Jesmond Road ,Fig Tree Pocket,,,
Ice Bar Tavern - Grange Bottleshop,20 Grange Road ,Grange ,,,
Dan Murphys Ipswich ,215 Brisbane Road,Ipswich ,,,
Dan Murphys Kippa Ring ,Anzac Avenue,Kippa Ring ,,,
Northlakes Tavern ,Shop 1039 Anzac Avenue ,Mango Hill,,,
Dan Murphys Mermaid Waters ,Merkeri Street ,Mermaid Waters ,,,
Dan Murphys Middlepark ,96 Sumners Road,Middle Park ,,,
Colmslie Hotel  McGuires Barn, Crn Junction & Wynnum Rds ,Morningside,,,
PACIFIC SURF CLUB,1291 Gold Coast Highway,PALM BEACH,,,
Metropole Hotel bottleshop,82 Main St ,Proserpine,,,
Dan Murphys Redbank Plains ,339 Redbank Plains Road ,Redbank Plains ,,,
Dan Murphys Redbank Plains ,339 Redbank Plains Road ,Redbank Plains ,,,
TO BE CONFIRMED,TBC ,TBC,,,
PRIVATE CLIENT - WINDSOR ,6 Bonython Street,WINDSOR,,,
Bottlemart Bottleshop,Woodcliffe Corner & Oxley Ave ,Woody Point (Behind Pub) ,,,
Cellarbrations,Crn Aruntel Drive & Gold Coast Hwy,Arundel,,,
Cellarbrations Arundel,Crn Arundel Drv & Gold Coast Hwy,Arundel,,,
Arundel Tavern - Arundel Cellarbrations,Corner of Arundel Drive & Gold Coast Highway,Arundel ,,,
Arundel Tavern - Liquor Barn ,226 Napper Road ,Arundel ,,,
Cellarbrations - Arundel Tavern ,Corner of Arundel Drive and Gold Coast Highway ,Arundel ,,,
PUB LOVERS ASPLEY - Quench Liquor Store ,1378 Gympie Road ,Aspley ,,,
Pure Catering - Auchenflower,3 Harding St ,Auchenflower,,,
Brynan Cellars ,302 Brynan Drive,Avoca ,,,
Private Residence - Bald Hills,271 Wyampa Road,Bald Hills,,,
The Cellars,59-61 River St,Ballina,,,
Banksia Beach ,47 Northpoint,Banksia Beach ,,,
C & L Tools- Banyo,6 Armada Pl,Banyo,,,
Beerwah Hotel ,Corner of Beerwah Parade & Bruce Highway,Beerwah ,,,
Private Residence - Bellbowrie ,89 Lother Road,Bellbowrie ,,,
Liquorland - Bellbowrie ,37 Birkin Road ,Bellbowrie ,,,
Sunshine Coast University Private Hospital ,3 Doherty Street,Birtinya,,,
Blacks Beach Tavern ,1-33 Slater Avenue,Blacks Beach ,,,
Sunshine Castle ,292 David Low Way,Bli Bli,,,
Lake Kawana Events Centre, Sportsman Drive ,Bokaraina,,,
Bokarina,Lake Kawana Community Centre - 114 Sportsmans Parade,Bokarina ,,,
Chamber of Commerce Park,Welsby Parade,Bongaree,,,
Maleny ,165 Mears Lane ,Booroobin ,,,
Brackenridge Tavern - Harry Browns Bottlestore ,Corner od Denham & Barrett Street ,Brackenridge ,,,
Brackenridge Tavern Bottle Shop,154 Barrett St,Brackenridge ,,,
Albion Park Raceway ,Amy Street ,BREAKFAST CREEK ,,,
Cafe Bonita,3-5 Hinkler Crt,Brendale,,,
Total Tools- Brendale,1/2 Garret St,Brendale,,,
First Choice - Browns Plains ,64 Browns Plains Road ,Browns Plains ,,,
Ipswich Racecourse,219 Brisbane Rd,Bundamba,,,
Liquorland - Burpengary ,7 Burpengary Road ,Burpengary ,,,
Cheeky Monkey ,115 Jonson St  ,Byron Bay (Across from Byron Cinemas),,,
City Farmers- Camberwell,305 Camberwell Rd,Camberwell,,,
CAMP HILL,21 SYLVIA STREET ,CAMP HILL,,,
City Farmers Caroline Springs ,TBC,Caroline Springs ,,,
Cocos Carrara (Robina Tavern),Shop 211 Manchester Road,Carrara,,,
Emerald Lakes Golf Course,Nerang-Broadbeach Rd,Carrara,,,
Coolangatta bottleshop,Crn Miles St & Marine Pde (Inside shopping Mall),Coolangatta,,,
Total Tools- Coopers Plains,719 Boundary St,Coopers Plains,,,
Cooroy Hotel Cellarbrations DBS,5 Diamond Street ,Cooroy ,,,
Mary-Claire Sherlock,371 Cavendish Road ,Coorparoo ,,,
DAguilar Hotel,Crn Wood & Dagord Rd,DAguilar,,,
Dooleys Daisy Hill,Daisy Hill Road and Cupania Road ,Daisy Hill ,,,
The Stoddart Group ,37 Gravelpit Road ,Darra ,,,
Landing at Dockside ,44 Ferry St,Dockside Kangaroo Point,,,
Kingfisher Manor,24 Kimberley Court ,Doonan ,,,
Drapers ,16 WILLEM COURT ,DRAPER,,,
Dana Ash,16 Willem Drive,Draper,,,
Eagleby Bottleshop,166 Fryer Rd,Eagleby,,,
Eagleby Tavern - Thirsty Camel Drive Thru,166 Fryar Road ,Eagleby ,,,
Eatons Hill Hotel,646 South Pine Road,Eatons Hill,,,
Eatons Hill Hotel ,646 South Pine Road ,Eatons Hill ,,,
Hambledon Hotel bottle shop,127-129 Bruce Hwy ,Edmonton Cairns,,,
Tania Corodoba,26 Carolina Close ,Elanora GC,,,
BWS - Fairfiend Gardens ,Shop 2 Fairfield Gardens Shopping Centre - Fairfield Road ,Fairfield ,,,
Ferny Grove Tavern,1348 Samford Road ,Ferny Grove,,,
Forest Glen ,71 Owen Creek Road ,Forest Glen ,,,
Thirsty Camel - Forest Lake,Shop 4 85 Joseph Banks Avenue ,Forest Lake ,,,
Corporate Culture Fortitude Valley ,925 Ann Street ,Fortitde Valley,,,
Total Tools- Fyshwick,103 Gladstone St,Fyshwick Canberra,,,
Thirsty Camel Gumdale ,Corner of New Cleveland & Tilley Road,Gumdale ,,,
Royal Hotel Gympie ,190 Mary Street ,Gympie ,,,
Sundowner Hotel Bottleshop,Lot 1 2320 Warrego Hwy,Haigslea,,,
PRV - Hawthorne,37A Stewart Street,Hawthorne,,,
XYLEM Water Solutions,1/39 Aquarium Ave,Hemmant,,,
Boardwalk Tavern,Hope Island Marina S.C. 8 Santa Barbara Rd,Hope Island,,,
Fairfield Waters Bottleshop,Shop 3 The Precinct 12-18 Village Drive,Idalia ,,,
First Choice Jindalee,Corne of Sinnamon Road abd Groggs Road ,Jindalee,,,
Cellarbrations Junction Road ,Corner of Junction and Langlands Road ,Karalee,,,
Stockland Park,320 Nicklin Way ,Kawana,,,
First Choice-  Keperra,Cnr Settlement & Samford Rds,Keperra,,,
Kepnock Cellars,85 Elliot Heads Road,Kepnock ,,,
Mel Doyle,3 Penter Crescent ,Kipparing,,,
Total Tools- Maroochydore,16 Robert St,Kunda Park,,,
Private Client,22 Vinces Way,Kureelpa,,,
Brad Read,22 Vinces Way,Kureelpa,,,
Pure Catering - Laidley Location,12 Pavoz Road ,Laidley,,,
Brisbane Powerhouse ,119 Lamington St,Lamington,,,
Landsborough Hotel - Celebrations Bottleshop,Corner of Cribb and Mills Street ,Landsborough ,,,
Mitre 10,48 Railway St ,Lowood,,,
First Choice- Lutwyche,416 Lutwyche Rd,Lutwyche,,,
BWS Albion ,Shop 15 Lutwche City 543 Lutwyche Rd,Lutwyche ,,,
Sheraton Mirage,71 Seaworld Drive ,Main Beach,,,
Half Moon Hideaway ,599 Mountain View Road ,Maleny ,,,
First Choice Mansfield,181 Wecker Rd,Mansfield,,,
Liquorland Marsden ,55-77 Chambers Flat Road ,Marsden Shopping Centre,,,
Louise Dempster,11 Paramount Circuit ,McDowell ,,,
Federation square,Corner Swanston St & Flinders St,Melbourne,,,
Total Tools,Various store locations availbale,Melbourne,,,
Melbourne CBD/ St Kilda,Address TBC,Melbourne CBD/ St Kilda,,,
Dan Murphys Mermaid Waters,Markeri Street ,Mermaid Waters ,,,
Lakelands Golf Course,100 Lakelands Dr,Merrimac Gold Coast,,,
Liquorland - Miami ,Corner of Gold Coast Avenue and Nundah Avenue ,Miami ,,,
Dan Murphys Middle Park ,96 Sumners Road ,Middle Park ,,,
Mile End- City Farmers,Shp18/ 122 Railway Tce,Mile End,,,
Suncorp Stadium,40 Castlemaine St,Milton,,,
Castlemaine Perkins Building,Corner Black & Paten Streets,Milton,,,
Montville Village Hall,Memorial Drive,Montville,,,
Liquorland - Morayfield ,Morayfield Road ,Morayfield Shopping Center,,,
McGuires Liquor Barn - Colmslie Hotel,Corner of Junction & Wynnum Road,Morningside,,,
Jacintas Home ,50 Sanctuary Drive ,Mount Cotton ,,,
Kelly Switala,134 Arunta Drive ,Mount Nathan ,,,
Mountain Creek DBS (Creek Tavern),Shop 11-12 170 Karawatha Drive ,Mountain Creek ,,,
Boomerang Farm,55 Johns Road ,Mudgeeraba,,,
City Farmers- North Parramatta,TBC,North Parramatta Sydney,,,
Stockland- Burdell,20-38 Main Street,North Shore Burdell Townsvile,,,
City Farmers Sydey,Campbelltown,NSW,,,
Nundah Village BWS,87 Buckland Road ,Nundah ,,,
Liquorland - Nundah ,1015 Sandgate Road (Toombul Shopping Center) ,Nundah ,,,
First Choice Oxley ,1125-1335 Oxley Station Road ,Oxley,,,
Park Avenue Hotel ,Corner of Haynes and Main Street ,Park Avenue ,,,
Mango Hill Farm - Sunshine Coast,159 Commissioner Flats Road,Peachester,,,
Trade Tools- Hervey Bay,1/79 Islander Rd,Piabla Hervey Bay,,,
Woolworths- Castletown Townsvile,Castletown- Crn Woolcock St & Kings Rd,Pimlico Townsville,,,
Pinkenba,655 Macathur Ave,Pinkenba,,,
Plainlands Hardware & Rural Centre,Crn Warrego Hwy & Cemetery Rd ,Plainlands,,,
Plainlands Tavern ,66 Laidley / Plainlands Road ,Plainlands ,,,
Metropole Hotel bottle shop,82 Main St,Proserpine,,,
Raceview Taven - Thirsty Camel ,99 Raceview Street (Corner of Cascade Street),Raceview ,,,
Redlynch Central DBS - Red Beret Hotel,Larsden Road ,Redlynch ,,,
Solothurn Rural Resort ,366 Reesville Rd,Reesville,,,
Solothurn Rural Resort,366 Reeseville Road,Resseville,,,
Richlands Tavern - Thirsty Camel ,132 Government Road ,Richlands ,,,
Richmond area,Address TBC,Richmond Melbourne,,,
Ringtail Creek,355 Ringtail Creek road ,Ringtail Creek,,,
Samford Valley Hotel - DBS ,Shop 5 Mount Glorious Road ,Samford ,,,
12 Woodfern Court,12 Woodfern Court ,Samford Valley,,,
raphaels restaurant,85 brighton road (cnr fourth avenue),sandgate,,,
BP Travel Centre ,3765 Pacific Highway ,Slacks Creek ,,,
Woolworths - Smithfield ,Corner of Cook and Kennedy Highways,Smithfield ,,,
PRV - Somerset Dam,Coronation Hall Main Street,Somerset Dam,,,
Dan Murphys Strathpine ,260 Gympie Road ,Strathpine ,,,
Finlaysons,17 spine street ,Sumner park,,,
The Beresford ,354 Bourke St,Surry Hills,,,
Tannum Sands Hotel,34 pacific Ave,Tannum Sands Gladstone,,,
RACV Royal Pines,TBC,TBC,,,
Australis Noosa Lakes,3 Hilton Tce ,Tewantin ,,,
Thomastown- City Farmers,18-24 Dalton Road,Thomastown,,,
Westside Tavern ,Gympie Road,Tinana ,,,
Tweed Heads Bottle Store ,Corner of Ash Drive & Amaroo Street ,Tweed Heads ,,,
Joanne Ferguson ,,Upper Coomera ,,,
Torquay Hotel DBS ,Shop 17 Urangan Central Shopping Centre - Corner of Boat Harbour Drive and Elizabeth Street ,Urangan ,,,
Bayswater Hotel,569 The Esplanade,Urangan Hervey Bay,,,
Various Brisbane Shoppping Centres,,Various locations in Brisbane,,,
Phillip Island Grand Prix Circuit,Back Beach Road ,Ventnor Victoria.,,,
JPs Function Centre ,46 Pritchard Road ,Virginia,,,
JPs Function Centre,46 Pritchard Road,Virginia,,,
Liquorland Warana ,239 Nicklin Way,Warana,,,
Beaches Markets- Sydney,1472 Pittwater Road,Warriewood,,,
Liquor Legands- Warwick,Rose Shopping Town 83 Palmerin St,Warwick,,,
Liquorland - Wavell Heights ,159-167 Hamilton Road ,Wavell Heights ,,,
The Womens College,UQ Campus - College Road ,,,,
Government House,2 wot st,,,,
Novotel Twin Waters Resort, Ocean Dr Twin Waters,,,,
Pure Catering Toowong ,74 High St Toowong,,,,
Private Residence ,UNIT 122/ 98 HOLMAN STREET KANGAROO POINT ,,,,
Trade Show Cairns,,,,,
New Farm Residence ,TO BE CONFIRMED,,,,
Skype account,At your own home :-),,,,
Phone Conference call,XPO Brands Rep- Aimee-  0423614819,,,,
Various venues around Brisbane CBD,,,,,
